Issue key,Issue id,Issue Type,Summary,Description,Priority,Status,Resolution,Assignee,Reporter,Created,Updated,Due date,Project key,Components,Labels,Request Type,Organizations,customfield_10030 (Time to resolution),customfield_10101 (Assignment group)
ITSM-2000,310000,Incident,Laptop running slow,See summary; standard request.,Low,Open,,James Ismail,Zara Musa,Jul 14 2026,2026-07-15 00:00:00,2026-07-16 00:00:00,ITSM,Software,,Report a problem,IT,Within SLA,Network Ops
ITSM-2001,310001,Service Request,New hire cannot access ERP,"Provisioning request for ERP raised 6 days ago, still not granted. New hire blocked.",Medium,Waiting for support,,Anjali Tan,Faizal Das,2026-07-07 00:00:00,2026-07-09 00:00:00,2026-07-09 00:00:00,ITSM,Access,aging;stalled,Request access,Ops,At risk,Service Desk
ITSM-2002,310002,Service Request,Shared drive access,See summary; standard request.,High,In Progress,,Hui Yeoh,Yusof Tan,2026-07-08 00:00:00,2026-07-09 00:00:00,2026-07-10 00:00:00,ITSM,Access,,Get IT help,IT,Within SLA,Service Desk
ITSM-2003,310003,Service Request,MFA device lost,See summary; standard request.,Highest,Waiting for support,,Marcus Raj,Mei Abdullah,2026-07-05 00:00:00,2026-07-06 00:00:00,2026-07-07 00:00:00,ITSM,Network,,Request access,Legal,At risk,Field Support
ITSM-2004,310004,Incident,Monitor flickering,See summary; standard request.,Low,In Progress,,Chloe Fernandez,Wei Yeoh,2026-07-15 00:00:00,2026-07-16 00:00:00,2026-07-17 00:00:00,ITSM,Software,,Report a problem,Ops,Within SLA,Field Support
ITSM-2005,310005,Incident,VPN drops after update,VPN disconnects every few minutes since the latest Windows security update. Same as colleagues.,Highest,Waiting for support,,Daniel Prakash,Jaya Teo,2026-07-12 00:00:00,2026-07-13 00:00:00,2026-07-14 00:00:00,ITSM,Network,aging,Request access,HR,At risk,Network Ops
ITSM-2006,310006,Service Request,VPN drops after update,VPN disconnects every few minutes since the latest Windows security update. Same as colleagues.,Low,Waiting for support,,Wei Yeoh,Siti Musa,2026-07-03 00:00:00,2026-07-04 00:00:00,2026-07-05 00:00:00,ITSM,Network,aging,Get IT help,HR,At risk,Network Ops
ITSM-2007,310007,Service Request,VPN drops after update,VPN disconnects every few minutes since the latest Windows security update. Same as colleagues.,High,Waiting for support,Done,Uma Das,Marcus Nair,2026-07-08 00:00:00,2026-07-09 00:00:00,2026-07-10 00:00:00,ITSM,Network,aging,Get IT help,Finance,At risk,Network Ops
ITSM-2008,310008,Incident,MFA device lost,See summary; standard request.,Highest,Open,,Rajesh Krishnan,Chloe Fernandez,2026-07-06 00:00:00,2026-07-07 00:00:00,2026-07-08 00:00:00,ITSM,Hardware,,Request access,IT,Within SLA,Service Desk
ITSM-2009,310009,Incident,Software install request,See summary; standard request.,Medium,In Progress,,Zara Musa,Jaya Teo,2026-07-07 00:00:00,2026-07-08 00:00:00,2026-07-09 00:00:00,ITSM,Network,,Report a problem,HR,Within SLA,Field Support
ITSM-2010,310010,Service Request,Network issue,Cannot access the payroll system to submit my timesheet; access denied on the payroll portal.,Medium,Waiting for support,Done,Mei Lee,Mei Abdullah,2026-07-14 00:00:00,2026-07-15 00:00:00,2026-07-16 00:00:00,ITSM,Network,,Request access,Legal,Within SLA,Network Ops
ITSM-2011,310011,Incident,Software install request,See summary; standard request.,Highest,In Progress,,Hui Yeoh,Hakim Gopal,2026-07-06 00:00:00,2026-07-07 00:00:00,2026-07-08 00:00:00,ITSM,Email,,Request access,Ops,At risk,App Support
ITSM-2012,310012,Incident,Shared drive access,See summary; standard request.,High,Resolved,Done,Farah Lee,Wan Goh,2026-07-11 00:00:00,2026-07-12 00:00:00,2026-07-13 00:00:00,ITSM,Access,,Report a problem,Ops,Breached,Field Support
ITSM-2013,310013,Service Request,Cannot access board reporting dashboard,Executive cannot open the board dashboard before tomorrow's meeting; login loops.,High,In Progress,,David Ng,Faizal Das,2026-07-09 00:00:00,2026-07-10 00:00:00,2026-07-11 00:00:00,ITSM,Access,,Report a problem,Executive,At risk,Service Desk
ITSM-2014,310014,Service Request,Laptop running slow,See summary; standard request.,Highest,Waiting for support,,Uma Das,Wei Goh,2026-07-04 00:00:00,2026-07-05 00:00:00,2026-07-06 00:00:00,ITSM,Email,,Report a problem,Finance,At risk,Network Ops
ITSM-2015,310015,Service Request,Laptop running slow,See summary; standard request.,Medium,Waiting for support,,Kumar Tan,Nadia Iyer,2026-07-06 00:00:00,2026-07-07 00:00:00,2026-07-08 00:00:00,ITSM,Access,,Get IT help,Finance,Within SLA,Service Desk
ITSM-2016,310016,Service Request,Mailbox full,See summary; standard request.,High,Waiting for customer,,Kumar Krishnan,Kumar Krishnan,2026-07-05 00:00:00,2026-07-06 00:00:00,2026-07-07 00:00:00,ITSM,Network,,Request access,Ops,At risk,Field Support
ITSM-2017,310017,Service Request,Keyboard replacement,See summary; standard request.,Low,Waiting for support,,Daniel Prakash,Bryan Das,2026-07-03 00:00:00,2026-07-04 00:00:00,2026-07-05 00:00:00,ITSM,Hardware,,Report a problem,Ops,Within SLA,Service Desk
ITSM-2018,310018,Incident,Laptop running slow,See summary; standard request.,Medium,Resolved,Done,Wan Teo,Marcus Iyer,2026-07-07 00:00:00,2026-07-08 00:00:00,2026-07-09 00:00:00,ITSM,Network,,Report a problem,Ops,Within SLA,Service Desk
ITSM-2019,310019,Service Request,Mailbox full,See summary; standard request.,Highest,In Progress,,Grace Ho,Grace Nair,Jul 07 2026,2026-07-08 00:00:00,2026-07-09 00:00:00,ITSM,Software,,Report a problem,Legal,Within SLA,Service Desk
ITSM-2020,310020,Service Request,Monitor flickering,See summary; standard request.,Low,Waiting for customer,,Kevin Hassan,Wan Goh,2026-07-10 00:00:00,2026-07-11 00:00:00,2026-07-12 00:00:00,ITSM,Access,,Report a problem,Ops,Within SLA,Field Support
ITSM-2021,310021,Service Request,Password reset needed,See summary; standard request.,Medium,Open,,Marcus Nair,Zara Musa,2026-07-09 00:00:00,2026-07-10 00:00:00,2026-07-11 00:00:00,ITSM,Email,,Report a problem,IT,Within SLA,App Support
ITSM-2022,310022,Service Request,Password reset needed,See summary; standard request.,Highest,Resolved,Done,Kumar Goh,Marcus Iyer,Jul 09 2026,2026-07-10 00:00:00,2026-07-11 00:00:00,ITSM,Email,,Get IT help,Ops,Within SLA,Field Support
ITSM-2023,310023,Service Request,Monitor flickering,See summary; standard request.,Low,Waiting for support,,James Teo,Yusof Tan,2026-07-03 00:00:00,2026-07-04 00:00:00,2026-07-05 00:00:00,ITSM,Network,,Request access,IT,At risk,Service Desk
ITSM-2024,310024,Incident,Monitor flickering,See summary; standard request.,High,Resolved,Done,Grace Ncube,Siti Lim,2026-07-10 00:00:00,2026-07-11 00:00:00,2026-07-12 00:00:00,ITSM,Hardware,,Request access,HR,At risk,Service Desk
ITSM-2025,310025,Service Request,Shared drive access,See summary; standard request.,High,In Progress,,Hakim Gopal,Grace Ncube,2026-07-13 00:00:00,2026-07-14 00:00:00,2026-07-15 00:00:00,ITSM,Hardware,,Get IT help,Ops,Within SLA,Field Support
ITSM-2026,310026,Incident,Printer offline,See summary; standard request.,Low,Resolved,Done,Kevin Das,Grace Das,2026-07-07 00:00:00,2026-07-08 00:00:00,2026-07-09 00:00:00,ITSM,Access,,Get IT help,HR,At risk,Field Support
ITSM-2027,310027,Service Request,Printer offline,See summary; standard request.,High,In Progress,,Yusof Tan,Tariq Lim,2026-07-15 00:00:00,2026-07-16 00:00:00,2026-07-17 00:00:00,ITSM,Software,,Request access,Ops,Within SLA,App Support
ITSM-2028,310028,Incident,Printer offline,See summary; standard request.,Low,Resolved,Done,David Ng,Aisha Raj,Jul 03 2026,2026-07-04 00:00:00,2026-07-05 00:00:00,ITSM,Software,,Report a problem,Legal,Within SLA,Network Ops
ITSM-2029,310029,Incident,Mailbox full,See summary; standard request.,High,Resolved,Done,Kevin Das,Chloe Fernandez,Jul 04 2026,2026-07-05 00:00:00,2026-07-06 00:00:00,ITSM,Access,,Get IT help,IT,At risk,App Support
ITSM-2030,310030,Service Request,Keyboard replacement,See summary; standard request.,High,Open,,Arun Lim,Arun Lim,2026-07-15 00:00:00,2026-07-16 00:00:00,2026-07-17 00:00:00,ITSM,Hardware,,Request access,Ops,Within SLA,Service Desk
ITSM-2031,310031,Service Request,Mailbox full,See summary; standard request.,Low,Open,,Siti Lee,Chloe Ncube,2026-07-15 00:00:00,2026-07-16 00:00:00,2026-07-17 00:00:00,ITSM,Email,,Get IT help,HR,Within SLA,Field Support
ITSM-2032,310032,Service Request,Guest wifi issue,See summary; standard request.,High,In Progress,,Mei Lee,Priya Wong,15/07/2026,2026-07-16 00:00:00,2026-07-17 00:00:00,ITSM,Hardware,,Get IT help,IT,Within SLA,Service Desk
ITSM-2033,310033,Service Request,Printer offline,See summary; standard request.,Low,Waiting for support,,Yusof Tan,Kevin Aziz,Jul 03 2026,2026-07-04 00:00:00,2026-07-05 00:00:00,ITSM,Hardware,,Request access,IT,Breached,App Support
ITSM-2034,310034,Service Request,Shared drive access,See summary; standard request.,High,Waiting for customer,,Lena Iyer,Kumar Tan,14/07/2026,2026-07-15 00:00:00,2026-07-16 00:00:00,ITSM,Hardware,,Request access,Finance,Within SLA,Field Support
ITSM-2035,310035,Incident,Mailbox full,See summary; standard request.,High,Resolved,Done,Priya Wong,Chloe Fernandez,2026-07-08 00:00:00,2026-07-09 00:00:00,2026-07-10 00:00:00,ITSM,Email,,Request access,IT,Within SLA,App Support
ITSM-2036,310036,Incident,Guest wifi issue,See summary; standard request.,Low,In Progress,,Ismail Cheng,Aisha Lim,2026-07-09 00:00:00,2026-07-10 00:00:00,2026-07-11 00:00:00,ITSM,Network,,Get IT help,HR,At risk,Network Ops
ITSM-2037,310037,Service Request,Monitor flickering,See summary; standard request.,Low,In Progress,,Mei Abdullah,Farah Lee,2026-07-03 00:00:00,2026-07-04 00:00:00,2026-07-05 00:00:00,ITSM,Hardware,,Get IT help,HR,At risk,Network Ops
ITSM-2038,310038,Incident,Guest wifi issue,See summary; standard request.,Highest,Waiting for customer,,Priya Lim,Nadia Nair,2026-07-15 00:00:00,2026-07-16 00:00:00,2026-07-17 00:00:00,ITSM,Network,,Get IT help,Finance,At risk,Network Ops
ITSM-2039,310039,Incident,Printer offline,See summary; standard request.,Highest,Resolved,Done,Priya Wong,Hui Yeoh,2026-07-03 00:00:00,2026-07-04 00:00:00,2026-07-05 00:00:00,ITSM,Access,,Get IT help,Legal,Breached,Field Support
ITSM-2040,310040,Service Request,Laptop running slow,See summary; standard request.,Highest,Waiting for customer,,Siti Lee,Siti Lee,Jul 04 2026,2026-07-05 00:00:00,2026-07-06 00:00:00,ITSM,Hardware,,Get IT help,HR,Breached,Service Desk
ITSM-2041,310041,Incident,Password reset needed,See summary; standard request.,Low,Resolved,Done,Uma Das,Ismail Cheng,2026-07-03 00:00:00,2026-07-04 00:00:00,2026-07-05 00:00:00,ITSM,Network,,Request access,HR,Within SLA,Field Support
ITSM-2042,310042,Service Request,Laptop running slow,See summary; standard request.,Highest,Waiting for support,,Ismail Raj,Hakim Gopal,2026-07-14 00:00:00,2026-07-15 00:00:00,2026-07-16 00:00:00,ITSM,Software,,Request access,Ops,At risk,App Support
ITSM-2043,310043,Incident,Software install request,See summary; standard request.,Highest,Resolved,Done,Farah Tan,Michael Rahman,2026-07-06 00:00:00,2026-07-07 00:00:00,2026-07-08 00:00:00,ITSM,Email,,Request access,Legal,Within SLA,Network Ops
ITSM-2044,310044,Service Request,Shared drive access,See summary; standard request.,High,Waiting for customer,,Anjali Tan,Kevin Das,04/07/2026,2026-07-05 00:00:00,2026-07-06 00:00:00,ITSM,Network,,Report a problem,Ops,Within SLA,Service Desk
ITSM-2045,310045,Incident,Software install request,See summary; standard request.,Highest,Waiting for customer,,Aisha Raj,Mei Lee,2026-07-15 00:00:00,2026-07-16 00:00:00,2026-07-17 00:00:00,ITSM,Network,,Request access,Legal,Within SLA,Service Desk
ITSM-2046,310046,Incident,MFA device lost,See summary; standard request.,High,Resolved,Done,Wan Goh,Aisha Lim,2026-07-05 00:00:00,2026-07-06 00:00:00,2026-07-07 00:00:00,ITSM,Email,,Request access,HR,Within SLA,App Support
ITSM-2047,310047,Service Request,Laptop running slow,See summary; standard request.,Medium,In Progress,,Farah Lee,Nadia Ng,2026-07-07 00:00:00,2026-07-08 00:00:00,2026-07-09 00:00:00,ITSM,Hardware,,Request access,Sales,Within SLA,Field Support
ITSM-2048,310048,Service Request,Guest wifi issue,See summary; standard request.,Medium,Resolved,Done,Kevin Hassan,Arun Lim,2026-07-05 00:00:00,2026-07-06 00:00:00,2026-07-07 00:00:00,ITSM,Access,,Report a problem,Ops,Within SLA,Field Support
ITSM-2049,310049,Service Request,Software install request,See summary; standard request.,Highest,In Progress,,Kevin Das,Rajesh Chen,12/07/2026,2026-07-13 00:00:00,2026-07-14 00:00:00,ITSM,Hardware,,Get IT help,Sales,Within SLA,App Support
ITSM-2050,310050,Service Request,Keyboard replacement,See summary; standard request.,Medium,Open,,Ismail Raj,Lena Ncube,2026-07-03 00:00:00,2026-07-04 00:00:00,2026-07-05 00:00:00,ITSM,Email,,Get IT help,Ops,At risk,Network Ops
ITSM-2051,310051,Service Request,Password reset needed,See summary; standard request.,Highest,Resolved,Done,James Ismail,David Ng,2026-07-03 00:00:00,2026-07-04 00:00:00,2026-07-05 00:00:00,ITSM,Network,,Report a problem,Ops,Within SLA,App Support
ITSM-2052,310052,Incident,Laptop running slow,See summary; standard request.,Medium,Waiting for support,,David Ng,James Ismail,2026-07-05 00:00:00,2026-07-06 00:00:00,2026-07-07 00:00:00,ITSM,Hardware,,Report a problem,Ops,Breached,Network Ops
ITSM-2053,310053,Service Request,Keyboard replacement,See summary; standard request.,Low,Open,,Siti Musa,Kumar Krishnan,Jul 12 2026,2026-07-13 00:00:00,2026-07-14 00:00:00,ITSM,Software,,Request access,Ops,Within SLA,App Support
ITSM-2054,310054,Service Request,Software install request,See summary; standard request.,Highest,Waiting for support,,James Ismail,Siti Teo,04/07/2026,2026-07-05 00:00:00,2026-07-06 00:00:00,ITSM,Access,,Report a problem,Legal,At risk,Network Ops
ITSM-2055,310055,Service Request,New hire cannot access ERP,"Provisioning request for ERP raised 6 days ago, still not granted. New hire blocked.",Highest,Waiting for support,,Priya Wong,Wei Yeoh,2026-07-06 00:00:00,2026-07-09 00:00:00,2026-07-08 00:00:00,ITSM,Access,aging;stalled,Request access,Ops,At risk,Service Desk
ITSM-2056,310056,Incident,Guest wifi issue,See summary; standard request.,Low,Waiting for customer,,Wan Teo,Lena Ncube,15/07/2026,2026-07-16 00:00:00,2026-07-17 00:00:00,ITSM,Software,,Report a problem,Ops,Within SLA,App Support
ITSM-2057,310057,Service Request,Monitor flickering,See summary; standard request.,Highest,Resolved,Done,Aisha Raj,Wei Yeoh,2026-07-03 00:00:00,2026-07-04 00:00:00,2026-07-05 00:00:00,ITSM,Email,,Request access,Ops,Within SLA,Service Desk
ITSM-2058,310058,Service Request,Keyboard replacement,See summary; standard request.,High,In Progress,,Farah Lee,Wei Goh,2026-07-05 00:00:00,2026-07-06 00:00:00,2026-07-07 00:00:00,ITSM,Software,,Request access,Finance,Within SLA,Service Desk
ITSM-2059,310059,Incident,Mailbox full,See summary; standard request.,Highest,Open,,Kumar Krishnan,Farah Lee,2026-07-03 00:00:00,2026-07-04 00:00:00,2026-07-05 00:00:00,ITSM,Hardware,,Request access,HR,Within SLA,Field Support
ITSM-2060,310060,Incident,Keyboard replacement,See summary; standard request.,Highest,In Progress,,Faizal Chen,Anjali Tan,07/07/2026,2026-07-08 00:00:00,2026-07-09 00:00:00,ITSM,Software,,Get IT help,Finance,At risk,Service Desk
ITSM-2061,310061,Incident,Guest wifi issue,See summary; standard request.,High,Waiting for support,,Marcus Nair,Marcus Raj,2026-07-11 00:00:00,2026-07-12 00:00:00,2026-07-13 00:00:00,ITSM,Software,,Report a problem,IT,Within SLA,Service Desk
ITSM-2062,310062,Service Request,MFA device lost,See summary; standard request.,Highest,Resolved,Done,Nadia Teo,Mei Lee,2026-07-10 00:00:00,2026-07-11 00:00:00,2026-07-12 00:00:00,ITSM,Network,,Get IT help,HR,At risk,Service Desk
ITSM-2063,310063,Service Request,Guest wifi issue,See summary; standard request.,Low,Resolved,Done,Nadia Teo,Yusof Tan,2026-07-07 00:00:00,2026-07-08 00:00:00,2026-07-09 00:00:00,ITSM,Email,,Get IT help,IT,Within SLA,Service Desk
ITSM-2064,310064,Service Request,Laptop running slow,See summary; standard request.,High,Open,,Faizal Das,Michael Ong,2026-07-03 00:00:00,2026-07-04 00:00:00,2026-07-05 00:00:00,ITSM,Software,,Report a problem,Legal,Within SLA,Network Ops
ITSM-2065,310065,Incident,Guest wifi issue,See summary; standard request.,High,In Progress,,Faizal Chen,Grace Iyer,15/07/2026,2026-07-16 00:00:00,2026-07-17 00:00:00,ITSM,Network,,Report a problem,HR,Within SLA,Service Desk
ITSM-2066,310066,Incident,MFA device lost,See summary; standard request.,Highest,Resolved,Done,Wan Goh,Omar Ncube,2026-07-15 00:00:00,2026-07-16 00:00:00,2026-07-17 00:00:00,ITSM,Software,,Get IT help,Finance,Within SLA,Network Ops
ITSM-2067,310067,Incident,Printer offline,See summary; standard request.,Low,In Progress,,Mei Lee,Rajesh Krishnan,2026-07-08 00:00:00,2026-07-09 00:00:00,2026-07-10 00:00:00,ITSM,Email,,Report a problem,HR,Within SLA,App Support
ITSM-2068,310068,Incident,Mailbox full,See summary; standard request.,Medium,Waiting for customer,,Siti Lee,Arun Lim,2026-07-04 00:00:00,2026-07-05 00:00:00,2026-07-06 00:00:00,ITSM,Network,,Request access,Ops,Within SLA,Network Ops
ITSM-2069,310069,Service Request,Shared drive access,See summary; standard request.,Low,Waiting for support,,Siti Lim,Suki Ncube,2026-07-05 00:00:00,2026-07-06 00:00:00,2026-07-07 00:00:00,ITSM,Hardware,,Report a problem,IT,Within SLA,Network Ops
ITSM-2070,310070,Incident,Network issue,Cannot access the payroll system to submit my timesheet; access denied on the payroll portal.,High,Waiting for support,,Uma Das,Michael Rahman,2026-07-10 00:00:00,2026-07-11 00:00:00,2026-07-12 00:00:00,ITSM,Network,,Get IT help,Legal,Breached,Network Ops
ITSM-2071,310071,Service Request,Software install request,See summary; standard request.,Highest,In Progress,,Arun Abdullah,Uma Ong,2026-07-13 00:00:00,2026-07-14 00:00:00,2026-07-15 00:00:00,ITSM,Email,,Get IT help,Ops,At risk,Service Desk
ITSM-2072,310072,Service Request,Mailbox full,See summary; standard request.,Highest,Resolved,Done,Arun Nair,Farah Lee,2026-07-08 00:00:00,2026-07-09 00:00:00,2026-07-10 00:00:00,ITSM,Access,,Request access,HR,At risk,Service Desk
ITSM-2073,310073,Incident,Mailbox full,See summary; standard request.,High,Waiting for support,,Ravi Ismail,James Teo,2026-07-11 00:00:00,2026-07-12 00:00:00,2026-07-13 00:00:00,ITSM,Access,,Report a problem,Ops,Within SLA,Service Desk
ITSM-2074,310074,Incident,Printer offline,See summary; standard request.,Highest,Resolved,Done,Chloe Fernandez,Nurul Osman,2026-07-05 00:00:00,2026-07-06 00:00:00,2026-07-07 00:00:00,ITSM,Software,,Get IT help,Ops,At risk,Service Desk
ITSM-2075,310075,Incident,Printer offline,See summary; standard request.,Low,Open,,Kumar Goh,Michael Rahman,2026-07-12 00:00:00,2026-07-13 00:00:00,2026-07-14 00:00:00,ITSM,Hardware,,Report a problem,Legal,At risk,Network Ops
ITSM-2076,310076,Incident,Mailbox full,See summary; standard request.,Medium,Resolved,Done,Suki Ncube,Farah Lee,2026-07-12 00:00:00,2026-07-13 00:00:00,2026-07-14 00:00:00,ITSM,Software,,Report a problem,HR,Within SLA,Service Desk
ITSM-2077,310077,Incident,Laptop running slow,See summary; standard request.,Medium,Resolved,Done,Siti Lim,James Ismail,2026-07-14 00:00:00,2026-07-15 00:00:00,2026-07-16 00:00:00,ITSM,Email,,Request access,Ops,At risk,App Support
ITSM-2078,310078,Incident,Software install request,See summary; standard request.,Medium,In Progress,,Mei Lee,Nadia Teo,10/07/2026,2026-07-11 00:00:00,2026-07-12 00:00:00,ITSM,Network,,Report a problem,Ops,Within SLA,Field Support
ITSM-2079,310079,Service Request,Mailbox full,See summary; standard request.,High,In Progress,,Faizal Das,Suki Cheng,2026-07-09 00:00:00,2026-07-10 00:00:00,2026-07-11 00:00:00,ITSM,Software,,Report a problem,HR,Within SLA,App Support
ITSM-2080,310080,Service Request,VPN drops after update,VPN disconnects every few minutes since the latest Windows security update. Same as colleagues.,Low,Waiting for support,,Grace Iyer,Siti Teo,2026-07-06 00:00:00,2026-07-07 00:00:00,2026-07-08 00:00:00,ITSM,Network,aging,Get IT help,Legal,At risk,Network Ops
ITSM-2081,310081,Service Request,MFA device lost,See summary; standard request.,Low,Resolved,Done,David Ng,Grace Das,2026-07-08 00:00:00,2026-07-09 00:00:00,2026-07-10 00:00:00,ITSM,Network,,Report a problem,HR,At risk,Network Ops
ITSM-2082,310082,Incident,Laptop running slow,See summary; standard request.,Highest,In Progress,,Kevin Hassan,Wei Goh,2026-07-03 00:00:00,2026-07-04 00:00:00,2026-07-05 00:00:00,ITSM,Access,,Report a problem,Finance,At risk,Network Ops
ITSM-2083,310083,Incident,Monitor flickering,See summary; standard request.,High,Waiting for customer,,Uma Ong,Wei Yeoh,2026-07-07 00:00:00,2026-07-08 00:00:00,2026-07-09 00:00:00,ITSM,Access,,Request access,Ops,Within SLA,App Support
ITSM-2084,310084,Incident,MFA device lost,See summary; standard request.,Medium,Resolved,Done,Ismail Cheng,Arun Nair,2026-07-13 00:00:00,2026-07-14 00:00:00,2026-07-15 00:00:00,ITSM,Email,,Report a problem,IT,Within SLA,Service Desk
ITSM-2085,310085,Service Request,Shared drive access,See summary; standard request.,High,Waiting for customer,,Kevin Das,Aisha Raj,Jul 03 2026,2026-07-04 00:00:00,2026-07-05 00:00:00,ITSM,Hardware,,Report a problem,Legal,Within SLA,Service Desk
ITSM-2086,310086,Incident,Guest wifi issue,See summary; standard request.,Medium,Resolved,Done,Faizal Das,Farah Tan,2026-07-14 00:00:00,2026-07-15 00:00:00,2026-07-16 00:00:00,ITSM,Network,,Get IT help,Ops,Within SLA,Field Support
ITSM-2087,310087,Incident,Printer offline,See summary; standard request.,High,Waiting for support,,Aisha Raj,Nurul Osman,2026-07-13 00:00:00,2026-07-14 00:00:00,2026-07-15 00:00:00,ITSM,Hardware,,Request access,Ops,At risk,Service Desk
ITSM-2088,310088,Incident,Shared drive access,See summary; standard request.,Low,Waiting for customer,,Hakim Gopal,Michael Ong,2026-07-13 00:00:00,2026-07-14 00:00:00,2026-07-15 00:00:00,ITSM,Software,,Report a problem,Legal,Within SLA,Network Ops
ITSM-2089,310089,Service Request,Password reset needed,See summary; standard request.,Medium,Resolved,Done,Zara Musa,Suki Ncube,2026-07-05 00:00:00,2026-07-06 00:00:00,2026-07-07 00:00:00,ITSM,Software,,Get IT help,IT,Breached,Network Ops
ITSM-2090,310090,Incident,Cannot access board reporting dashboard,Executive cannot open the board dashboard before tomorrow's meeting; login loops.,High,In Progress,Done,Nurul Osman,Faizal Das,2026-07-14 00:00:00,2026-07-15 00:00:00,2026-07-16 00:00:00,ITSM,Access,,Request access,Executive,At risk,Service Desk
ITSM-2091,310091,Incident,Guest wifi issue,See summary; standard request.,High,Open,,Faizal Iyer,Aisha Lim,03/07/2026,2026-07-04 00:00:00,2026-07-05 00:00:00,ITSM,Network,,Report a problem,HR,Within SLA,Service Desk
ITSM-2092,310092,Incident,Keyboard replacement,See summary; standard request.,High,In Progress,,Aisha Lim,Bryan Das,2026-07-10 00:00:00,2026-07-11 00:00:00,2026-07-12 00:00:00,ITSM,Network,,Get IT help,Ops,At risk,Service Desk
ITSM-2093,310093,Incident,Printer offline,See summary; standard request.,Low,Open,,Marcus Iyer,Daniel Prakash,Jul 15 2026,2026-07-16 00:00:00,2026-07-17 00:00:00,ITSM,Email,,Get IT help,Finance,Within SLA,Service Desk
ITSM-2094,310094,Service Request,Keyboard replacement,See summary; standard request.,Low,Waiting for support,,Ravi Ismail,Kevin Das,2026-07-03 00:00:00,2026-07-04 00:00:00,2026-07-05 00:00:00,ITSM,Network,,Report a problem,Ops,Breached,App Support
ITSM-2095,310095,Service Request,Guest wifi issue,See summary; standard request.,Low,Waiting for customer,,Hakim Gopal,Rajesh Chen,2026-07-14 00:00:00,2026-07-15 00:00:00,2026-07-16 00:00:00,ITSM,Access,,Request access,Sales,At risk,Network Ops
ITSM-2096,310096,Service Request,Shared drive access,See summary; standard request.,Medium,Resolved,Done,Chloe Fernandez,Hui Yeoh,2026-07-14 00:00:00,2026-07-15 00:00:00,2026-07-16 00:00:00,ITSM,Access,,Request access,Legal,Within SLA,App Support
ITSM-2097,310097,Incident,Guest wifi issue,See summary; standard request.,Medium,Waiting for support,,Chloe Ncube,Ismail Raj,2026-07-15 00:00:00,2026-07-16 00:00:00,2026-07-17 00:00:00,ITSM,Email,,Get IT help,Legal,Within SLA,Service Desk
ITSM-2098,310098,Service Request,Printer offline,See summary; standard request.,Highest,Waiting for support,,Farah Lee,Mei Abdullah,2026-07-13 00:00:00,2026-07-14 00:00:00,2026-07-15 00:00:00,ITSM,Software,,Get IT help,Legal,Within SLA,Service Desk
ITSM-2099,310099,Incident,Shared drive access,See summary; standard request.,Medium,Open,,Suki Ncube,Jaya Teo,2026-07-04 00:00:00,2026-07-05 00:00:00,2026-07-06 00:00:00,ITSM,Hardware,,Report a problem,HR,Within SLA,Service Desk
ITSM-2100,310100,Incident,Keyboard replacement,See summary; standard request.,Low,Waiting for support,,Kevin Kumar,David Ng,2026-07-03 00:00:00,2026-07-04 00:00:00,2026-07-05 00:00:00,ITSM,Email,,Request access,Ops,At risk,Service Desk
ITSM-2101,310101,Incident,Shared drive access,See summary; standard request.,Low,Waiting for support,,Nadia Iyer,Daniel Prakash,2026-07-04 00:00:00,2026-07-05 00:00:00,2026-07-06 00:00:00,ITSM,Network,,Request access,Finance,Within SLA,App Support
ITSM-2102,310102,Incident,Printer offline,See summary; standard request.,Highest,Resolved,Done,Daniel Prakash,Ravi Ismail,2026-07-12 00:00:00,2026-07-13 00:00:00,2026-07-14 00:00:00,ITSM,Email,,Request access,IT,Within SLA,Service Desk
ITSM-2103,310103,Incident,Printer offline,See summary; standard request.,Highest,Resolved,Done,Priya Lim,Marcus Iyer,2026-07-09 00:00:00,2026-07-10 00:00:00,2026-07-11 00:00:00,ITSM,Access,,Get IT help,Ops,Within SLA,Service Desk
ITSM-2104,310104,Incident,Printer offline,See summary; standard request.,Medium,Resolved,Done,Priya Lim,Kevin Das,2026-07-12 00:00:00,2026-07-13 00:00:00,2026-07-14 00:00:00,ITSM,Access,,Get IT help,Ops,Within SLA,Field Support
ITSM-2105,310105,Incident,Software install request,See summary; standard request.,Highest,In Progress,,Rajesh Krishnan,Priya Wong,2026-07-10 00:00:00,2026-07-11 00:00:00,2026-07-12 00:00:00,ITSM,Software,,Request access,IT,Breached,Field Support
ITSM-2106,310106,Service Request,Keyboard replacement,See summary; standard request.,Medium,In Progress,,Jaya Teo,Ismail Raj,2026-07-03 00:00:00,2026-07-04 00:00:00,2026-07-05 00:00:00,ITSM,Network,,Get IT help,Legal,Within SLA,Service Desk
ITSM-2107,310107,Service Request,MFA device lost,See summary; standard request.,Highest,Waiting for customer,,Aisha Raj,Michael Chen,2026-07-08 00:00:00,2026-07-09 00:00:00,2026-07-10 00:00:00,ITSM,Hardware,,Request access,Sales,Within SLA,Network Ops
ITSM-2108,310108,Incident,Laptop running slow,See summary; standard request.,High,Open,,Wei Yeoh,Lena Ncube,2026-07-11 00:00:00,2026-07-12 00:00:00,2026-07-13 00:00:00,ITSM,Network,,Get IT help,Ops,At risk,Service Desk
ITSM-2109,310109,Incident,Monitor flickering,See summary; standard request.,High,Resolved,Done,Ismail Raj,Yusof Ng,2026-07-14 00:00:00,2026-07-15 00:00:00,2026-07-16 00:00:00,ITSM,Access,,Request access,Legal,Within SLA,Field Support
ITSM-2110,310110,Incident,Keyboard replacement,See summary; standard request.,Medium,In Progress,,Priya Wong,Arun Nair,2026-07-07 00:00:00,2026-07-08 00:00:00,2026-07-09 00:00:00,ITSM,Hardware,,Request access,IT,Within SLA,App Support
ITSM-2111,310111,Incident,Software install request,See summary; standard request.,Low,Resolved,Done,Wan Goh,Chloe Ncube,Jul 05 2026,2026-07-06 00:00:00,2026-07-07 00:00:00,ITSM,Hardware,,Get IT help,HR,Within SLA,Service Desk
ITSM-2112,310112,Incident,Mailbox full,See summary; standard request.,Low,Open,,Arun Lim,Mei Abdullah,Jul 07 2026,2026-07-08 00:00:00,2026-07-09 00:00:00,ITSM,Network,,Report a problem,Legal,Within SLA,Service Desk
ITSM-2113,310113,Incident,Printer offline,See summary; standard request.,Low,Waiting for customer,,Siti Lim,Daniel Prakash,2026-07-04 00:00:00,2026-07-05 00:00:00,2026-07-06 00:00:00,ITSM,Access,,Request access,Finance,Within SLA,Service Desk
ITSM-2114,310114,Service Request,Keyboard replacement,See summary; standard request.,Low,In Progress,,Priya Wong,Ismail Cheng,2026-07-10 00:00:00,2026-07-11 00:00:00,2026-07-12 00:00:00,ITSM,Network,,Request access,HR,Within SLA,Field Support
ITSM-2115,310115,Incident,Software install request,See summary; standard request.,High,Waiting for support,,Rajesh Chen,Rajesh Chen,04/07/2026,2026-07-05 00:00:00,2026-07-06 00:00:00,ITSM,Access,,Get IT help,Sales,At risk,Field Support
ITSM-2116,310116,Incident,Shared drive access,See summary; standard request.,Low,Waiting for support,,Arun Lim,Wan Teo,2026-07-14 00:00:00,2026-07-15 00:00:00,2026-07-16 00:00:00,ITSM,Software,,Report a problem,Legal,At risk,Network Ops
ITSM-2117,310117,Incident,Keyboard replacement,See summary; standard request.,Low,In Progress,,Daniel Prakash,Nadia Iyer,2026-07-03 00:00:00,2026-07-04 00:00:00,2026-07-05 00:00:00,ITSM,Access,,Report a problem,Finance,Within SLA,Network Ops
ITSM-2118,310118,Incident,Password reset needed,See summary; standard request.,Low,In Progress,,Kumar Tan,Arun Tan,2026-07-04 00:00:00,2026-07-05 00:00:00,2026-07-06 00:00:00,ITSM,Hardware,,Get IT help,Legal,Breached,App Support
ITSM-2119,310119,Service Request,Software install request,See summary; standard request.,Low,Waiting for support,,Siti Musa,Michael Ong,2026-07-07 00:00:00,2026-07-08 00:00:00,2026-07-09 00:00:00,ITSM,Network,,Get IT help,Legal,Within SLA,App Support
ITSM-2120,310120,Incident,Guest wifi issue,See summary; standard request.,Medium,Resolved,Done,Siti Teo,Arun Tan,2026-07-08 00:00:00,2026-07-09 00:00:00,2026-07-10 00:00:00,ITSM,Hardware,,Report a problem,Legal,Breached,Network Ops
ITSM-2121,310121,Incident,Mailbox full,See summary; standard request.,Low,Waiting for customer,,Grace Ho,Grace Ho,2026-07-05 00:00:00,2026-07-06 00:00:00,2026-07-07 00:00:00,ITSM,Access,,Request access,Ops,Within SLA,App Support
ITSM-2122,310122,Service Request,Laptop running slow,See summary; standard request.,Low,In Progress,,Grace Nair,Tariq Lim,2026-07-07 00:00:00,2026-07-08 00:00:00,2026-07-09 00:00:00,ITSM,Hardware,,Request access,Ops,At risk,Network Ops
ITSM-2123,310123,Incident,Laptop running slow,See summary; standard request.,Highest,Waiting for support,,Zara Musa,Kumar Goh,2026-07-03 00:00:00,2026-07-04 00:00:00,2026-07-05 00:00:00,ITSM,Network,,Report a problem,Ops,Within SLA,Network Ops
ITSM-2124,310124,Service Request,Printer offline,See summary; standard request.,Highest,In Progress,,Suki Cheng,Faizal Iyer,2026-07-06 00:00:00,2026-07-07 00:00:00,2026-07-08 00:00:00,ITSM,Email,,Get IT help,Ops,Within SLA,Network Ops
ITSM-2125,310125,Incident,Password reset needed,See summary; standard request.,Highest,Open,,Michael Ong,Hui Yeoh,2026-07-08 00:00:00,2026-07-09 00:00:00,2026-07-10 00:00:00,ITSM,Hardware,,Request access,Legal,Within SLA,Network Ops
ITSM-2126,310126,Service Request,Printer offline,See summary; standard request.,Medium,Waiting for customer,,Yusof Tan,Zara Musa,2026-07-06 00:00:00,2026-07-07 00:00:00,2026-07-08 00:00:00,ITSM,Software,,Report a problem,IT,Within SLA,Service Desk
ITSM-2127,310127,Incident,Printer offline,See summary; standard request.,High,Waiting for support,,Farah Lee,Arun Abdullah,2026-07-05 00:00:00,2026-07-06 00:00:00,2026-07-07 00:00:00,ITSM,Email,,Request access,Legal,Within SLA,Network Ops
ITSM-2128,310128,Service Request,Laptop running slow,See summary; standard request.,Low,Waiting for customer,,Aisha Lim,Kevin Aziz,2026-07-07 00:00:00,2026-07-08 00:00:00,2026-07-09 00:00:00,ITSM,Access,,Request access,IT,Within SLA,App Support
ITSM-2129,310129,Service Request,Mailbox full,See summary; standard request.,High,Open,,Kumar Tan,Ismail Cheng,2026-07-13 00:00:00,2026-07-14 00:00:00,2026-07-15 00:00:00,ITSM,Access,,Get IT help,HR,Within SLA,Field Support
ITSM-2130,310130,Service Request,Password reset needed,See summary; standard request.,High,Resolved,Done,Ismail Raj,Anjali Tan,Jul 09 2026,2026-07-10 00:00:00,2026-07-11 00:00:00,ITSM,Access,,Request access,Finance,Within SLA,Network Ops
ITSM-2131,310131,Incident,MFA device lost,See summary; standard request.,Medium,In Progress,,Faizal Iyer,Siti Lee,2026-07-06 00:00:00,2026-07-07 00:00:00,2026-07-08 00:00:00,ITSM,Access,,Request access,Sales,Breached,App Support
ITSM-2132,310132,Service Request,Monitor flickering,See summary; standard request.,High,Open,,Kevin Kumar,Uma Das,2026-07-03 00:00:00,2026-07-04 00:00:00,2026-07-05 00:00:00,ITSM,Hardware,,Report a problem,Legal,Within SLA,App Support
ITSM-2133,310133,Service Request,Monitor flickering,See summary; standard request.,High,Resolved,Done,Suki Cheng,Siti Lee,15/07/2026,2026-07-16 00:00:00,2026-07-17 00:00:00,ITSM,Network,,Get IT help,HR,Within SLA,Network Ops
ITSM-2134,310134,Incident,Password reset needed,See summary; standard request.,High,Waiting for customer,,Chloe Ncube,Faizal Das,2026-07-09 00:00:00,2026-07-10 00:00:00,2026-07-11 00:00:00,ITSM,Email,,Report a problem,Ops,At risk,Network Ops
ITSM-2135,310135,Incident,Software install request,See summary; standard request.,Highest,In Progress,,Aisha Raj,Anjali Tan,2026-07-04 00:00:00,2026-07-05 00:00:00,2026-07-06 00:00:00,ITSM,Hardware,,Report a problem,Finance,Within SLA,Field Support
ITSM-2136,310136,Incident,Software install request,See summary; standard request.,Medium,Waiting for customer,,Marcus Nair,Grace Ncube,2026-07-06 00:00:00,2026-07-07 00:00:00,2026-07-08 00:00:00,ITSM,Software,,Report a problem,Ops,Within SLA,Service Desk
ITSM-2137,310137,Incident,Printer offline,See summary; standard request.,High,Open,,Ismail Raj,Priya Ismail,2026-07-03 00:00:00,2026-07-04 00:00:00,2026-07-05 00:00:00,ITSM,Email,,Request access,IT,Within SLA,Service Desk
ITSM-2138,310138,Service Request,MFA device lost,See summary; standard request.,Low,Waiting for support,,Mei Lee,Kevin Hassan,2026-07-13 00:00:00,2026-07-14 00:00:00,2026-07-15 00:00:00,ITSM,Network,,Get IT help,IT,Within SLA,Field Support
ITSM-2139,310139,Incident,Shared drive access,See summary; standard request.,Medium,Open,,Lena Iyer,Faizal Iyer,2026-07-06 00:00:00,2026-07-07 00:00:00,2026-07-08 00:00:00,ITSM,Software,,Report a problem,Ops,At risk,Service Desk
ITSM-2140,310140,Incident,Software install request,See summary; standard request.,Medium,Resolved,Done,Omar Ncube,Tariq Lim,2026-07-04 00:00:00,2026-07-05 00:00:00,2026-07-06 00:00:00,ITSM,Software,,Get IT help,Ops,Within SLA,Field Support
ITSM-2141,310141,Service Request,Printer offline,See summary; standard request.,High,Waiting for support,,Marcus Iyer,Kumar Goh,Jul 11 2026,2026-07-12 00:00:00,2026-07-13 00:00:00,ITSM,Software,,Get IT help,Ops,Within SLA,App Support
ITSM-2142,310142,Service Request,MFA device lost,See summary; standard request.,High,In Progress,,Arun Lim,Grace Ho,2026-07-07 00:00:00,2026-07-08 00:00:00,2026-07-09 00:00:00,ITSM,Access,,Request access,Ops,Within SLA,Field Support
ITSM-2143,310143,Service Request,Mailbox full,See summary; standard request.,Low,Open,,Faizal Iyer,Nadia Ng,2026-07-03 00:00:00,2026-07-04 00:00:00,2026-07-05 00:00:00,ITSM,Access,,Report a problem,Sales,Within SLA,Network Ops
ITSM-2144,310144,Service Request,Laptop running slow,See summary; standard request.,Highest,In Progress,,Rajesh Krishnan,Faizal Chen,07/07/2026,2026-07-08 00:00:00,2026-07-09 00:00:00,ITSM,Email,,Request access,IT,Within SLA,Field Support
ITSM-2145,310145,Incident,Software install request,See summary; standard request.,High,Waiting for customer,,Grace Nair,Aisha Raj,2026-07-06 00:00:00,2026-07-07 00:00:00,2026-07-08 00:00:00,ITSM,Software,,Request access,Legal,Within SLA,Network Ops
ITSM-2146,310146,Service Request,Printer offline,See summary; standard request.,Highest,Waiting for customer,,Kevin Das,Marcus Nair,2026-07-04 00:00:00,2026-07-05 00:00:00,2026-07-06 00:00:00,ITSM,Network,,Report a problem,Finance,Within SLA,Network Ops
ITSM-2147,310147,Service Request,Keyboard replacement,See summary; standard request.,Highest,Resolved,Done,Marcus Iyer,Rajesh Krishnan,2026-07-10 00:00:00,2026-07-11 00:00:00,2026-07-12 00:00:00,ITSM,Access,,Request access,HR,Within SLA,Field Support
ITSM-2148,310148,Service Request,Guest wifi issue,See summary; standard request.,Low,In Progress,,James Ismail,Lena Ncube,Jul 12 2026,2026-07-13 00:00:00,2026-07-14 00:00:00,ITSM,Hardware,,Get IT help,Ops,Within SLA,Network Ops
ITSM-2149,310149,Incident,Mailbox full,See summary; standard request.,High,Waiting for support,,Faizal Das,Faizal Das,2026-07-15 00:00:00,2026-07-16 00:00:00,2026-07-17 00:00:00,ITSM,Hardware,,Get IT help,Ops,Within SLA,Service Desk
ITSM-2150,310150,Incident,Mailbox full,See summary; standard request.,High,Waiting for support,,Siti Lee,Ravi Ismail,2026-07-09 00:00:00,2026-07-10 00:00:00,2026-07-11 00:00:00,ITSM,Hardware,,Request access,IT,Within SLA,App Support
ITSM-2151,310151,Incident,Shared drive access,See summary; standard request.,High,Waiting for customer,,Wei Yeoh,Lena Ncube,2026-07-10 00:00:00,2026-07-11 00:00:00,2026-07-12 00:00:00,ITSM,Software,,Report a problem,Ops,Within SLA,Network Ops
ITSM-2152,310152,Incident,Laptop running slow,See summary; standard request.,Highest,In Progress,,Lakshmi Goh,Omar Ncube,2026-07-03 00:00:00,2026-07-04 00:00:00,2026-07-05 00:00:00,ITSM,Software,,Get IT help,Finance,Within SLA,Field Support
ITSM-2153,310153,Incident,Software install request,See summary; standard request.,Highest,Waiting for customer,,Wei Yeoh,Priya Wong,2026-07-13 00:00:00,2026-07-14 00:00:00,2026-07-15 00:00:00,ITSM,Hardware,,Get IT help,IT,Within SLA,Network Ops
ITSM-2154,310154,Service Request,Monitor flickering,See summary; standard request.,Medium,Waiting for customer,,Kevin Hassan,Zara Krishnan,2026-07-09 00:00:00,2026-07-10 00:00:00,2026-07-11 00:00:00,ITSM,Network,,Request access,Ops,Within SLA,App Support
ITSM-2155,310155,Service Request,Shared drive access,See summary; standard request.,Highest,Open,,Hakim Gopal,Kumar Tan,2026-07-04 00:00:00,2026-07-05 00:00:00,2026-07-06 00:00:00,ITSM,Email,,Report a problem,Finance,Within SLA,App Support
ITSM-2156,310156,Incident,Guest wifi issue,See summary; standard request.,Low,Waiting for support,,David Ng,Suki Cheng,2026-07-08 00:00:00,2026-07-09 00:00:00,2026-07-10 00:00:00,ITSM,Hardware,,Request access,HR,At risk,Network Ops
ITSM-2157,310157,Incident,Software install request,See summary; standard request.,Highest,In Progress,,Anjali Tan,Grace Ho,2026-07-14 00:00:00,2026-07-15 00:00:00,2026-07-16 00:00:00,ITSM,Network,,Get IT help,Ops,Within SLA,Network Ops
ITSM-2158,310158,Service Request,Printer offline,See summary; standard request.,Low,In Progress,,James Ismail,Faizal Das,2026-07-14 00:00:00,2026-07-15 00:00:00,2026-07-16 00:00:00,ITSM,Email,,Get IT help,Ops,Within SLA,App Support
ITSM-2159,310159,Incident,Shared drive access,See summary; standard request.,High,Resolved,Done,Tariq Lim,Farah Tan,06/07/2026,2026-07-07 00:00:00,2026-07-08 00:00:00,ITSM,Access,,Request access,Ops,Breached,Field Support
ITSM-2160,310160,Incident,Shared drive access,See summary; standard request.,Low,In Progress,,Faizal Iyer,Jaya Teo,2026-07-03 00:00:00,2026-07-04 00:00:00,2026-07-05 00:00:00,ITSM,Network,,Get IT help,HR,Within SLA,Network Ops
ITSM-2161,310161,Service Request,Keyboard replacement,See summary; standard request.,Low,Waiting for support,,Zara Krishnan,Faizal Das,2026-07-06 00:00:00,2026-07-07 00:00:00,2026-07-08 00:00:00,ITSM,Email,,Get IT help,Ops,Within SLA,App Support
ITSM-2162,310162,Service Request,Keyboard replacement,See summary; standard request.,Medium,Waiting for support,,Grace Ncube,Mei Lee,Jul 09 2026,2026-07-10 00:00:00,2026-07-11 00:00:00,ITSM,Software,,Report a problem,HR,Within SLA,Network Ops
ITSM-2163,310163,Service Request,Software install request,See summary; standard request.,High,In Progress,,Mei Abdullah,Faizal Chen,2026-07-15 00:00:00,2026-07-16 00:00:00,2026-07-17 00:00:00,ITSM,Email,,Report a problem,IT,At risk,Network Ops
ITSM-2164,310164,Service Request,MFA device lost,See summary; standard request.,Low,Open,,Wei Goh,Siti Lee,2026-07-13 00:00:00,2026-07-14 00:00:00,2026-07-15 00:00:00,ITSM,Access,,Get IT help,Sales,At risk,App Support
ITSM-2165,310165,Incident,Monitor flickering,See summary; standard request.,Low,Resolved,Done,Omar Ncube,James Teo,2026-07-07 00:00:00,2026-07-08 00:00:00,2026-07-09 00:00:00,ITSM,Network,,Request access,Ops,Within SLA,App Support
ITSM-2166,310166,Incident,Laptop running slow,See summary; standard request.,High,Open,,Siti Teo,Uma Das,2026-07-04 00:00:00,2026-07-05 00:00:00,2026-07-06 00:00:00,ITSM,Email,,Get IT help,Legal,At risk,Network Ops
ITSM-2167,310167,Incident,Mailbox full,See summary; standard request.,Medium,In Progress,,Suki Ncube,Ravi Osman,2026-07-05 00:00:00,2026-07-06 00:00:00,2026-07-07 00:00:00,ITSM,Hardware,,Report a problem,IT,At risk,Field Support
ITSM-2168,310168,Incident,Laptop running slow,See summary; standard request.,High,Waiting for customer,,Mei Abdullah,Ismail Cheng,2026-07-08 00:00:00,2026-07-09 00:00:00,2026-07-10 00:00:00,ITSM,Software,,Request access,HR,Within SLA,Service Desk
ITSM-2169,310169,Service Request,Password reset needed,See summary; standard request.,Medium,In Progress,,Mei Abdullah,Kevin Hassan,2026-07-13 00:00:00,2026-07-14 00:00:00,2026-07-15 00:00:00,ITSM,Access,,Report a problem,IT,Within SLA,Field Support
ITSM-2170,310170,Incident,Mailbox full,See summary; standard request.,Low,Waiting for customer,,Wan Teo,Tariq Iyer,2026-07-05 00:00:00,2026-07-06 00:00:00,2026-07-07 00:00:00,ITSM,Email,,Report a problem,Finance,Within SLA,Network Ops
ITSM-2171,310171,Service Request,Laptop running slow,See summary; standard request.,Medium,In Progress,,Grace Ncube,Yusof Ho,2026-07-10 00:00:00,2026-07-11 00:00:00,2026-07-12 00:00:00,ITSM,Email,,Report a problem,HR,Within SLA,Field Support
ITSM-2172,310172,Service Request,Guest wifi issue,See summary; standard request.,Medium,Resolved,Done,Hakim Gopal,Zara Krishnan,2026-07-04 00:00:00,2026-07-05 00:00:00,2026-07-06 00:00:00,ITSM,Software,,Get IT help,Ops,At risk,Field Support
ITSM-2173,310173,Incident,Keyboard replacement,See summary; standard request.,Highest,In Progress,,Kevin Das,Yusof Tan,04/07/2026,2026-07-05 00:00:00,2026-07-06 00:00:00,ITSM,Hardware,,Request access,IT,Within SLA,App Support
ITSM-2174,310174,Incident,Monitor flickering,See summary; standard request.,Highest,Resolved,Done,Yusof Ng,Kumar Goh,Jul 15 2026,2026-07-16 00:00:00,2026-07-17 00:00:00,ITSM,Email,,Request access,Ops,Breached,Network Ops
ITSM-2175,310175,Incident,Laptop running slow,See summary; standard request.,Medium,Waiting for customer,,Priya Lim,Farah Lee,2026-07-08 00:00:00,2026-07-09 00:00:00,2026-07-10 00:00:00,ITSM,Access,,Get IT help,HR,At risk,Field Support
ITSM-2176,310176,Service Request,Printer offline,See summary; standard request.,Medium,Resolved,Done,James Ismail,Kevin Hassan,2026-07-05 00:00:00,2026-07-06 00:00:00,2026-07-07 00:00:00,ITSM,Access,,Request access,IT,Breached,Field Support
ITSM-2177,310177,Incident,Software install request,See summary; standard request.,Low,Waiting for customer,,Michael Ong,Michael Ong,2026-07-09 00:00:00,2026-07-10 00:00:00,2026-07-11 00:00:00,ITSM,Network,,Report a problem,Legal,At risk,App Support
ITSM-2178,310178,Service Request,Shared drive access,See summary; standard request.,Medium,In Progress,,Tariq Lim,James Ismail,2026-07-08 00:00:00,2026-07-09 00:00:00,2026-07-10 00:00:00,ITSM,Email,,Report a problem,Ops,At risk,App Support
ITSM-2179,310179,Incident,Software install request,See summary; standard request.,High,Waiting for support,,Siti Lee,Suki Ncube,2026-07-05 00:00:00,2026-07-06 00:00:00,2026-07-07 00:00:00,ITSM,Access,,Request access,IT,Within SLA,Service Desk
